{"base_files_url": "https://raw.githubusercontent.com/RGarciaLago/VIDEO_PRESETS_by_Robby/b89c49cd44be29a62c4cabecb91e69ac913c4fa8/", "db_id": "RGarciaLago/VIDEO_PRESETS_by_Robby", "db_url": "https://raw.githubusercontent.com/RGarciaLago/VIDEO_PRESETS_by_Robby/db/db.json.zip", "files": {"Presets/Core Specific/Adventure Vision.ini": {"hash": "d85cbf4bdd22c46f5336e546670f2f95", "size": 236, "tags": [16]}, "Presets/Core Specific/Game & Watch.ini": {"hash": "79a8ea97a5242ed6b90ec04da148c9db", "size": 169, "tags": [16]}, "Presets/Core Specific/Game Boy Advance.ini": {"hash": "697725da48a21041ea77359721b8590f", "size": 219, "tags": [16]}, "Presets/Core Specific/Game Boy Color.ini": {"hash": "4cbc031f7679d19dcf1cac054524dee5", "size": 202, "tags": [16]}, "Presets/Core Specific/Game Boy.ini": {"hash": "a0b84e17ce001c62c1aa9f704509beb6", "size": 187, "tags": [16]}, "Presets/Core Specific/Game Gear.ini": {"hash": "a01d2850a85907392f94488a1e86b98b", "size": 212, "tags": [16]}, "Presets/Core Specific/Lynx - Vertical.ini": {"hash": "0ce0863ddac9cd790839a13da6abbfb5", "size": 237, "tags": [16]}, "Presets/Core Specific/Lynx.ini": {"hash": "7d3ada1925b8cc2e01bae4db40a56205", "size": 208, "tags": [16]}, "Presets/Core Specific/Pokemon Mini.ini": {"hash": "3e456666902722ad173a9cf0d51e5a7e", "size": 199, "tags": [16]}, "Presets/Core Specific/Vectrex.ini": {"hash": "f2d3879ef51b90bd8906f8de02193db5", "size": 190, "tags": [16]}, "Presets/Core Specific/WonderSwan Color - Vertical.ini": {"hash": "62f52cabc287f4b4726634a0b9b37c7d", "size": 251, "tags": [16]}, "Presets/Core Specific/WonderSwan Color.ini": {"hash": "a7f3bcc37fc125501f0776d2b29b2cb3", "size": 221, "tags": [16]}, "Presets/Core Specific/WonderSwan.ini": {"hash": "4645f1fff9f8a7b2431aa7e73e3b5c38", "size": 225, "tags": [16]}, "Presets/General Hardware/Arcade - Vector.ini": {"hash": "eae3c0e710eb13d246b3c656cc097a65", "size": 248, "tags": [16]}, "Presets/General Hardware/Arcade - Vertical.ini": {"hash": "fc8f2e12d19ee8bd815e3b2896d8d26a", "size": 321, "tags": [16]}, "Presets/General Hardware/Arcade 80s - Vertical.ini": {"hash": "f1fe59cf5665ddcfce0d153124b39efc", "size": 319, "tags": [16]}, "Presets/General Hardware/Arcade 80s.ini": {"hash": "ca443ad5dc772f108c587f1d6ca4a843", "size": 292, "tags": [16]}, "Presets/General Hardware/Arcade 90s - Vertical.ini": {"hash": "2014e54749300fd73d7cc178230acf3a", "size": 347, "tags": [16]}, "Presets/General Hardware/Arcade 90s.ini": {"hash": "3f6e13382abb285a9c24ecdf8ce6e970", "size": 320, "tags": [16]}, "Presets/General Hardware/Arcade.ini": {"hash": "0c06543ae0d5a2150d479d282dd2e2b0", "size": 294, "tags": [16]}, "Presets/General Hardware/Computer - Commodore.ini": {"hash": "5576f61fe969e986fb494d61cb1d8ca6", "size": 277, "tags": [16]}, "Presets/General Hardware/Computer.ini": {"hash": "080308552ac2159ae12cc359679509a7", "size": 266, "tags": [16]}, "Presets/General Hardware/Console - 2ndGen.ini": {"hash": "bc3808b632c5d8bb546a8a200cbe78d5", "size": 312, "tags": [16]}, "Presets/General Hardware/Console - 3rdGen.ini": {"hash": "c632a06c09c084c0b8064b1122edeae6", "size": 308, "tags": [16]}, "Presets/General Hardware/Console - 4thGen.ini": {"hash": "e4316b44f2d7d55c094e15753856e4f9", "size": 285, "tags": [16]}, "Presets/General Hardware/Console - 5thGen.ini": {"hash": "a621730b12c7a8a4eef453e5efd9d0e7", "size": 293, "tags": [16]}}, "folders": {"Presets": {"tags": [16]}, "Presets/Core Specific": {"tags": [16, 17]}, "Presets/General Hardware": {"tags": [16, 18]}}, "tag_dictionary": {"corespecific": 17, "generalhardware": 18, "presets": 16}, "timestamp": 1693762782}